epoch,steps,Accuracy,Accuracy_Threshold,F1,F1_Threshold,Precision,Recall,Average_Precision
1.0,36,0.484375,6.7488184,0.6526315789473683,-10.886563,0.49206349206349204,0.96875,0.40091525639745773
1.0,36,0.484375,6.8489614,0.6526315789473683,-10.940415,0.49206349206349204,0.96875,0.39815397560308874
1.0,36,0.484375,6.8017945,0.6526315789473683,-10.908335,0.49206349206349204,0.96875,0.39398989009709146
1.0,36,0.484375,6.866761,0.6526315789473683,-10.9469185,0.49206349206349204,0.96875,0.4049248089364221
